{
    "total_return": -0.9969890587778787,
    "max_drawdown": 0.9970115047550198,
    "sharpe": -18.5925875981643,
    "calmar": -0.9999774867420947,
    "trade_count": 3695,
    "win_rate": 0.23626522327469554
}