{
    "total_return": 0.157168037325781,
    "max_drawdown": 0.0802434886929459,
    "sharpe": 1.1682608845761149,
    "calmar": 1.9586391355339643,
    "trade_count": 38,
    "win_rate": 0.5
}