{
    "total_trades": 645,
    "win_rate": 0.3302325581395349,
    "expectancy": -0.0016469895059549016,
    "max_drawdown": -1.0733982540265408,
    "profit_factor": 0.5395391123079575,
    "exit_type_counts": {
        "TRAILING_STOP": 645
    }
}