{
    "total_trades": 22,
    "win_rate": 0.5,
    "expectancy": -0.0007663797690793458,
    "max_drawdown": 0.015621433800791621,
    "profit_factor": 0.39242939419617767,
    "exit_type_counts": {
        "STOP_LOSS": 11,
        "TRAILING_STOP": 5,
        "BREAKEVEN": 4,
        "TIMEOUT": 1,
        "TAKE_PROFIT": 1
    }
}