{
    "total_trades": 155,
    "win_rate": 0.25161290322580643,
    "expectancy": -0.0027630514991493402,
    "max_drawdown": 0.4279214211293877,
    "profit_factor": 0.5775043955099232,
    "exit_type_counts": {
        "STOP_LOSS": 81,
        "TAKE_PROFIT": 33,
        "BREAKEVEN": 25,
        "TIMEOUT": 16
    }
}