{
    "total_return": 0.009672387247591008,
    "win_rate": 1.0,
    "max_drawdown": 0.0,
    "sharpe_ratio": 174.4761221375802,
    "total_trades": 48,
    "final_balance": 10096.72387247591,
    "avg_win": 0.007677059837365402,
    "avg_loss": 0
}