{
    "SOL/USDT": {
        "v31": {
            "net_profit_pct": -15.320783457851006,
            "win_rate": 7.6923076923076925,
            "max_drawdown": -14.156022162550311,
            "total_trades": 13,
            "atr_spikes": 0,
            "avg_pnl": -1.3284436154885433
        },
        "v37": {
            "net_profit_pct": -12.420149953675685,
            "win_rate": 14.285714285714285,
            "max_drawdown": -11.215490490022967,
            "total_trades": 14,
            "atr_spikes": 0,
            "avg_pnl": -0.9753012137857725
        }
    },
    "NEAR/USDT": {
        "v31": {
            "net_profit_pct": -12.932791062013996,
            "win_rate": 9.090909090909092,
            "max_drawdown": -11.608559367943755,
            "total_trades": 11,
            "atr_spikes": 0,
            "avg_pnl": -1.3115083967046308
        },
        "v37": {
            "net_profit_pct": -11.158170966219801,
            "win_rate": 20.0,
            "max_drawdown": -9.806948534712939,
            "total_trades": 15,
            "atr_spikes": 0,
            "avg_pnl": -0.7796807879299018
        }
    },
    "BTC/USDT": {
        "v31": {
            "net_profit_pct": -8.313547645365873,
            "win_rate": 11.11111111111111,
            "max_drawdown": -7.344643788610281,
            "total_trades": 9,
            "atr_spikes": 0,
            "avg_pnl": -1.0091124105098763
        },
        "v37": {
            "net_profit_pct": -8.313547645365873,
            "win_rate": 11.11111111111111,
            "max_drawdown": -7.344643788610281,
            "total_trades": 9,
            "atr_spikes": 0,
            "avg_pnl": -1.0091124105098763
        }
    }
}