{
    "SOL/USDT": {
        "v37": {
            "net_profit_pct": -15.952290673685388,
            "win_rate": 11.11111111111111,
            "max_drawdown": -14.813123840071018,
            "total_trades": 18,
            "atr_spikes": 0
        },
        "v38": {
            "net_profit_pct": -5.713418516598518,
            "win_rate": 12.5,
            "max_drawdown": -4.435475936822091,
            "total_trades": 8,
            "atr_spikes": 2
        }
    },
    "NEAR/USDT": {
        "v37": {
            "net_profit_pct": -12.929195197230229,
            "win_rate": 18.75,
            "max_drawdown": -11.604908812557493,
            "total_trades": 16,
            "atr_spikes": 0
        },
        "v38": {
            "net_profit_pct": 0.4991629296646011,
            "win_rate": 33.33333333333333,
            "max_drawdown": -1.7150722248109274,
            "total_trades": 3,
            "atr_spikes": 1
        }
    },
    "BTC/USDT": {
        "v37": {
            "net_profit_pct": -8.601758345521135,
            "win_rate": 10.0,
            "max_drawdown": -7.63590017819694,
            "total_trades": 10,
            "atr_spikes": 0
        },
        "v38": {
            "net_profit_pct": -3.4335940798414413,
            "win_rate": 20.0,
            "max_drawdown": -2.809600206909196,
            "total_trades": 5,
            "atr_spikes": 2
        }
    }
}